<?xml version="1.0" encoding="UTF-8" standalone="no"?>
<registration_data version="1.0">
   <environment>
      <hostname>caoxinyu-PC</hostname>
      <hostId/>
      <osName>Windows 7</osName>
      <osVersion>6.1</osVersion>
      <osArchitecture>x86</osArchitecture>
      <systemModel>H87-D3H</systemModel>
      <systemManufacturer>Gigabyte Technology Co., Ltd.</systemManufacturer>
      <cpuManufacturer>GenuineIntel</cpuManufacturer>
      <serialNumber>To be filled by O.E.M.</serialNumber>
   </environment>
   <registry urn="urn:st:2cf0e2ab-ac44-4197-aefb-472249eb52b1" version="1.0">
      <service_tag>
         <instance_urn>urn:st:b049c1f3-a90d-4f3d-b32a-13230d5aa068</instance_urn>
         <product_name>Java SE 7 Development Kit</product_name>
         <product_version>1.7.0</product_version>
         <product_urn>JSEZ9-007-ZZZZ</product_urn>
         <product_parent_urn>urn:uuid:dc1704fe-264f-11dc-9482-080020a9ed93</product_parent_urn>
         <product_parent>Java Platform Standard Edition 7 (Java SE 7)</product_parent>
         <product_defined_inst_id>id=1.7.0-b147 x86,dir=C:\Program Files\Java\jdk1.7.0\jre</product_defined_inst_id>
         <product_vendor>Oracle Corporation</product_vendor>
         <platform_arch>x86</platform_arch>
         <timestamp>2014-07-04 03:21:34 GMT</timestamp>
         <container>global</container>
         <source>Windows JDK i586 installer</source>
         <installer_uid>-1</installer_uid>
      </service_tag>
   </registry>
</registration_data>
